{"1711078762.6277096": [1711078762.6277096, 21.4], "1711078762.8313854": [1711078762.8313854, 21.4], "1711078763.0350583": [1711078763.0350583, 21.6], "1711078763.238802": [1711078763.238802, 22.9], "1711078763.4425218": [1711078763.4425218, 22.6], "1711078763.6462631": [1711078763.6462631, 22.9], "1711078763.849985": [1711078763.849985, 22.6], "1711078764.0536592": [1711078764.0536592, 21.7], "1711078764.2573655": [1711078764.2573655, 22.3], "1711078764.4610834": [1711078764.4610834, 22.5], "1711078764.6647713": [1711078764.6647713, 21.9], "1711078764.8684556": [1711078764.8684556, 22.0], "1711078765.0721798": [1711078765.0721798, 22.6], "1711078765.2758677": [1711078765.2758677, 22.1], "1711078765.4796066": [1711078765.4796066, 22.9], "1711078765.683292": [1711078765.683292, 22.0], "1711078765.8870158": [1711078765.8870158, 22.6], "1711078766.0906818": [1711078766.0906818, 21.7], "1711078766.2943463": [1711078766.2943463, 21.7], "1711078766.4980478": [1711078766.4980478, 22.2], "1711078766.7017329": [1711078766.7017329, 21.9], "1711078766.9054167": [1711078766.9054167, 22.0], "1711078767.1091378": [1711078767.1091378, 22.5], "1711078767.3129556": [1711078767.3129556, 24.3], "1711078767.5168958": [1711078767.5168958, 26.3], "1711078767.7210045": [1711078767.7210045, 29.2], "1711078767.9251902": [1711078767.9251902, 30.5], "1711078768.1295428": [1711078768.1295428, 33.4], "1711078768.3341525": [1711078768.3341525, 37.7], "1711078768.539203": [1711078768.539203, 45.2], "1711078768.7446082": [1711078768.7446082, 51.3], "1711078768.9502997": [1711078768.9502997, 56.1], "1711078769.156255": [1711078769.156255, 60.6], "1711078769.362389": [1711078769.362389, 63.7], "1711078769.5685887": [1711078769.5685887, 64.7], "1711078769.7746732": [1711078769.7746732, 62.7], "1711078769.980694": [1711078769.980694, 61.6], "1711078770.1867056": [1711078770.1867056, 61.5], "1711078770.3926535": [1711078770.3926535, 60.5], "1711078770.598563": [1711078770.598563, 59.7], "1711078770.8045154": [1711078770.8045154, 60.5], "1711078771.0105202": [1711078771.0105202, 61.3], "1711078771.2168424": [1711078771.2168424, 66.8], "1711078771.4234862": [1711078771.4234862, 72.2], "1711078771.6304734": [1711078771.6304734, 78.1], "1711078771.8377655": [1711078771.8377655, 83.3], "1711078772.0453236": [1711078772.0453236, 87.8], "1711078772.2530818": [1711078772.2530818, 91.3], "1711078772.4610963": [1711078772.4610963, 95.6], "1711078772.6693494": [1711078772.6693494, 99.7], "1711078772.8778274": [1711078772.8778274, 103.5], "1711078773.0866024": [1711078773.0866024, 108.6], "1711078773.2955632": [1711078773.2955632, 111.7], "1711078773.5047672": [1711078773.5047672, 115.5], "1711078773.7141626": [1711078773.7141626, 118.9], "1711078773.9237046": [1711078773.9237046, 121.5], "1711078774.1334333": [1711078774.1334333, 124.8], "1711078774.343235": [1711078774.343235, 125.9], "1711078774.5532424": [1711078774.5532424, 129.5], "1711078774.763386": [1711078774.763386, 131.8], "1711078774.9736729": [1711078774.9736729, 134.3], "1711078775.1841497": [1711078775.1841497, 137.4], "1711078775.3947408": [1711078775.3947408, 139.5], "1711078775.6052437": [1711078775.6052437, 138.0], "1711078775.8155088": [1711078775.8155088, 133.8], "1711078776.0253987": [1711078776.0253987, 127.5], "1711078776.2348855": [1711078776.2348855, 120.6], "1711078776.4441364": [1711078776.4441364, 116.6], "1711078776.6530545": [1711078776.6530545, 110.9], "1711078776.8615227": [1711078776.8615227, 103.3], "1711078777.0696044": [1711078777.0696044, 96.7], "1711078777.2773678": [1711078777.2773678, 91.4], "1711078777.4848363": [1711078777.4848363, 86.4], "1711078777.6919875": [1711078777.6919875, 80.9], "1711078777.8987732": [1711078777.8987732, 74.7], "1711078778.1051755": [1711078778.1051755, 68.2], "1711078778.3112533": [1711078778.3112533, 62.6], "1711078778.5170321": [1711078778.5170321, 57.6], "1711078778.7225358": [1711078778.7225358, 53.0], "1711078778.9277492": [1711078778.9277492, 48.0], "1711078779.132675": [1711078779.132675, 43.0], "1711078779.3374336": [1711078779.3374336, 40.3], "1711078779.5420015": [1711078779.5420015, 37.0], "1711078779.746277": [1711078779.746277, 32.0], "1711078779.9503727": [1711078779.9503727, 29.1], "1711078780.1543844": [1711078780.1543844, 27.5], "1711078780.3582132": [1711078780.3582132, 24.4], "1711078780.5618608": [1711078780.5618608, 21.3], "1711078780.765337": [1711078780.765337, 18.4], "1711078780.968701": [1711078780.968701, 16.5], "1711078781.1720126": [1711078781.1720126, 15.7], "1711078781.3752367": [1711078781.3752367, 14.2], "1711078781.5785997": [1711078781.5785997, 16.6], "1711078781.782173": [1711078781.782173, 20.1], "1711078781.9861817": [1711078781.9861817, 27.5], "1711078782.1906703": [1711078782.1906703, 35.6], "1711078782.3956614": [1711078782.3956614, 44.2], "1711078782.6010022": [1711078782.6010022, 50.2], "1711078782.8067098": [1711078782.8067098, 56.4], "1711078783.0127769": [1711078783.0127769, 62.5], "1711078783.2192075": [1711078783.2192075, 68.7], "1711078783.425963": [1711078783.425963, 74.3], "1711078783.6330307": [1711078783.6330307, 79.4], "1711078783.8404336": [1711078783.8404336, 85.1], "1711078784.048216": [1711078784.048216, 91.7], "1711078784.2563045": [1711078784.2563045, 96.8], "1711078784.4646838": [1711078784.4646838, 101.8], "1711078784.6733224": [1711078784.6733224, 106.2], "1711078784.8821828": [1711078784.8821828, 110.0], "1711078785.0911827": [1711078785.0911827, 112.4], "1711078785.3003387": [1711078785.3003387, 115.0], "1711078785.5096443": [1711078785.5096443, 117.5], "1711078785.7191002": [1711078785.7191002, 120.1], "1711078785.9285417": [1711078785.9285417, 119.9], "1711078786.1378284": [1711078786.1378284, 117.3], "1711078786.3468194": [1711078786.3468194, 112.2], "1711078786.5554101": [1711078786.5554101, 105.4], "1711078786.7634795": [1711078786.7634795, 96.3], "1711078786.9709597": [1711078786.9709597, 86.5], "1711078787.1779966": [1711078787.1779966, 78.7], "1711078787.3846781": [1711078787.3846781, 73.0], "1711078787.591049": [1711078787.591049, 67.6], "1711078787.7970753": [1711078787.7970753, 61.8], "1711078788.0027385": [1711078788.0027385, 55.6], "1711078788.208049": [1711078788.208049, 49.6], "1711078788.413095": [1711078788.413095, 45.1], "1711078788.6178036": [1711078788.6178036, 39.4], "1711078788.8222303": [1711078788.8222303, 34.6], "1711078789.0263865": [1711078789.0263865, 30.0], "1711078789.2304451": [1711078789.2304451, 28.4], "1711078789.4341817": [1711078789.4341817, 22.8], "1711078789.6377406": [1711078789.6377406, 19.8], "1711078789.841163": [1711078789.841163, 17.5], "1711078790.04453": [1711078790.04453, 16.6], "1711078790.247696": [1711078790.247696, 13.2], "1711078790.4507866": [1711078790.4507866, 11.9], "1711078790.653935": [1711078790.653935, 12.9], "1711078790.8573036": [1711078790.8573036, 16.6], "1711078791.0608904": [1711078791.0608904, 20.3], "1711078791.2649288": [1711078791.2649288, 28.0], "1711078791.4693441": [1711078791.4693441, 34.4], "1711078791.6741722": [1711078791.6741722, 41.4], "1711078791.879397": [1711078791.879397, 48.2], "1711078792.0849264": [1711078792.0849264, 53.4], "1711078792.290758": [1711078792.290758, 58.5], "1711078792.496908": [1711078792.496908, 64.0], "1711078792.7033255": [1711078792.7033255, 68.5], "1711078792.9099724": [1711078792.9099724, 72.4], "1711078793.1168242": [1711078793.1168242, 75.9], "1711078793.3239286": [1711078793.3239286, 80.1]}